Workbook

Sheet GDP per capita (scaled)
A1: YEAR | B1: ARGENTINA | C1: BRAZIL | D1: CHILE | E1: COLOMBIA | F1: MEXICO
A2: 1950 | B2: =100*'GDP per capita'!B2/'GDP per capita'!B$3 -> 96.225644 | C2: =100*'GDP per capita'!C2/'GDP per capita'!C$3 -> 97.765833 | D2: NA | E2: =100*'GDP per capita'!E2/'GDP per capita'!E$3 -> 101.61851 | F2: =100*'GDP per capita'!F2/'GDP per capita'!F$3 -> 93.421297
A3: 1951 | B3: =100*'GDP per capita'!B3/'GDP per capita'!B$3 -> 100 | C3: =100*'GDP per capita'!C3/'GDP per capita'!C$3 -> 100 | D3: =100*'GDP per capita'!D3/'GDP per capita'!D$3 -> 100 | E3: =100*'GDP per capita'!E3/'GDP per capita'!E$3 -> 100 | F3: =100*'GDP per capita'!F3/'GDP per capita'!F$3 -> 100
A4: 1952 | B4: =100*'GDP per capita'!B4/'GDP per capita'!B$3 -> 91.887389 | C4: =100*'GDP per capita'!C4/'GDP per capita'!C$3 -> 106.72918 | D4: =100*'GDP per capita'!D4/'GDP per capita'!D$3 -> 101.76054 | E4: =100*'GDP per capita'!E4/'GDP per capita'!E$3 -> 103.4543 | F4: =100*'GDP per capita'!F4/'GDP per capita'!F$3 -> 100.8366
A5: 1953 | B5: =100*'GDP per capita'!B5/'GDP per capita'!B$3 -> 94.283792 | C5: =100*'GDP per capita'!C5/'GDP per capita'!C$3 -> 107.26376 | D5: =100*'GDP per capita'!D5/'GDP per capita'!D$3 -> 109.941 | E5: =100*'GDP per capita'!E5/'GDP per capita'!E$3 -> 107.23473 | F5: =100*'GDP per capita'!F5/'GDP per capita'!F$3 -> 97.072101
A6: 1954 | B6: =100*'GDP per capita'!B6/'GDP per capita'!B$3 -> 95.73939 | C6: =100*'GDP per capita'!C6/'GDP per capita'!C$3 -> 113.62779 | D6: =100*'GDP per capita'!D6/'GDP per capita'!D$3 -> 100.28908 | E6: =100*'GDP per capita'!E6/'GDP per capita'!E$3 -> 112.75275 | F6: =100*'GDP per capita'!F6/'GDP per capita'!F$3 -> 104.55581
A7: 1955 | B7: =100*'GDP per capita'!B7/'GDP per capita'!B$3 -> 101.01196 | C7: =100*'GDP per capita'!C7/'GDP per capita'!C$3 -> 117.29077 | D7: =100*'GDP per capita'!D7/'GDP per capita'!D$3 -> 104.54464 | E7: =100*'GDP per capita'!E7/'GDP per capita'!E$3 -> 113.97514 | F7: =100*'GDP per capita'!F7/'GDP per capita'!F$3 -> 109.7608
A8: 1956 | B8: =100*'GDP per capita'!B8/'GDP per capita'!B$3 -> 100.95167 | C8: =100*'GDP per capita'!C8/'GDP per capita'!C$3 -> 117.35595 | D8: =100*'GDP per capita'!D8/'GDP per capita'!D$3 -> 103.50927 | E8: =100*'GDP per capita'!E8/'GDP per capita'!E$3 -> 113.16564 | F8: =100*'GDP per capita'!F8/'GDP per capita'!F$3 -> 115.26705
A9: 1957 | B9: =100*'GDP per capita'!B9/'GDP per capita'!B$3 -> 103.86004 | C9: =100*'GDP per capita'!C9/'GDP per capita'!C$3 -> 126.4252 | D9: =100*'GDP per capita'!D9/'GDP per capita'!D$3 -> 108.16383 | E9: =100*'GDP per capita'!E9/'GDP per capita'!E$3 -> 110.49736 | F9: =100*'GDP per capita'!F9/'GDP per capita'!F$3 -> 120.78115
A10: 1958 | B10: =100*'GDP per capita'!B10/'GDP per capita'!B$3 -> 109.23426 | C10: =100*'GDP per capita'!C10/'GDP per capita'!C$3 -> 130.19463 | D10: =100*'GDP per capita'!D10/'GDP per capita'!D$3 -> 110.1516 | E10: =100*'GDP per capita'!E10/'GDP per capita'!E$3 -> 107.62973 | F10: =100*'GDP per capita'!F10/'GDP per capita'!F$3 -> 121.81329
A11: 1959 | B11: =100*'GDP per capita'!B11/'GDP per capita'!B$3 -> 101.55836 | C11: =100*'GDP per capita'!C11/'GDP per capita'!C$3 -> 136.76801 | D11: =100*'GDP per capita'!D11/'GDP per capita'!D$3 -> 105.17704 | E11: =100*'GDP per capita'!E11/'GDP per capita'!E$3 -> 110.89537 | F11: =100*'GDP per capita'!F11/'GDP per capita'!F$3 -> 120.28572
A12: 1960 | B12: =100*'GDP per capita'!B12/'GDP per capita'!B$3 -> 110.59582 | C12: =100*'GDP per capita'!C12/'GDP per capita'!C$3 -> 142.02147 | D12: =100*'GDP per capita'!D12/'GDP per capita'!D$3 -> 115.04401 | E12: =100*'GDP per capita'!E12/'GDP per capita'!E$3 -> 113.74305 | F12: =100*'GDP per capita'!F12/'GDP per capita'!F$3 -> 126.7399
A13: 1961 | B13: =100*'GDP per capita'!B13/'GDP per capita'!B$3 -> 112.80556 | C13: =100*'GDP per capita'!C13/'GDP per capita'!C$3 -> 157.40039 | D13: =100*'GDP per capita'!D13/'GDP per capita'!D$3 -> 116.20046 | E13: =100*'GDP per capita'!E13/'GDP per capita'!E$3 -> 117.16487 | F13: =100*'GDP per capita'!F13/'GDP per capita'!F$3 -> 126.12821
A14: 1962 | B14: =100*'GDP per capita'!B14/'GDP per capita'!B$3 -> 111.84332 | C14: =100*'GDP per capita'!C14/'GDP per capita'!C$3 -> 160.87052 | D14: =100*'GDP per capita'!D14/'GDP per capita'!D$3 -> 119.765 | E14: =100*'GDP per capita'!E14/'GDP per capita'!E$3 -> 118.98517 | F14: =100*'GDP per capita'!F14/'GDP per capita'!F$3 -> 126.70039
... A62: 2010 | B62: =100*'GDP per capita'!B62/'GDP per capita'!B$3 -> 225.83932 | C62: =100*'GDP per capita'!C62/'GDP per capita'!C$3 -> 476.04265 | D62: =100*'GDP per capita'!D62/'GDP per capita'!D$3 -> 390.77761 | E62: =100*'GDP per capita'!E62/'GDP per capita'!E$3 -> 291.80354 | F62: =100*'GDP per capita'!F62/'GDP per capita'!F$3 -> 307.91802

Sheet GDP per capita
A1: YEAR | B1: ARGENTINA | C1: BRAZIL | D1: CHILE | E1: COLOMBIA | F1: MEXICO | I1: Source: Penn World Tables, version 7.1
A2: 1950 | B2: 5257.9695 | C2: 1709.596 | D2: NA | E2: 2624.4808 | F2: 3622.3733 | I2: rgdpch | J2: 2005 International dollar per person (2005 I$/person) | K2: PPP Converted GDP Per Capita (Chain Series), at 2005 constant prices
A3: 1951 | B3: 5464.2081 | C3: 1748.664 | D3: 3205.0908 | E3: 2582.6799 | F3: 3877.4599
A4: 1952 | B4: 5020.9182 | C4: 1866.3347 | D4: 3261.5178 | E4: 2671.8933 | F4: 3909.8988
A5: 1953 | B5: 5151.8626 | C5: 1875.6828 | D5: 3523.7088 | E5: 2769.5297 | F5: 3763.9317
A6: 1954 | B6: 5231.3995 | C6: 1986.9683 | D6: 3214.3561 | E6: 2912.0426 | F6: 4054.1097
A7: 1955 | B7: 5519.5035 | C7: 2051.0215 | D7: 3350.7508 | E7: 2943.6131 | F7: 4255.9311
A8: 1956 | B8: 5516.2095 | C8: 2052.1613 | D8: 3317.5662 | E8: 2922.7063 | F8: 4469.4337
A9: 1957 | B9: 5675.1289 | C9: 2210.752 | D9: 3466.749 | E9: 2853.7931 | F9: 4683.2406
A10: 1958 | B10: 5968.7874 | C10: 2276.6666 | D10: 3530.4588 | E10: 2779.7313 | F10: 4723.2613
A11: 1959 | B11: 5549.36 | C11: 2391.613 | D11: 3371.0195 | E11: 2864.0724 | F11: 4664.0305
A12: 1960 | B12: 6043.1859 | C12: 2483.4784 | D12: 3687.265 | E12: 2937.6188 | F12: 4914.2887
A13: 1961 | B13: 6163.9305 | C13: 2752.4041 | D13: 3724.3302 | E13: 3025.9936 | F13: 4890.5708
A14: 1962 | B14: 6111.3516 | C14: 2813.0849 | D14: 3838.5771 | E14: 3073.006 | F14: 4912.7567
... A62: 2010 | B62: 12340.33 | C62: 8324.3866 | D62: 12524.777 | E62: 7536.3512 | F62: 11939.398
